user_id,category
2,Algeria
2,Blues
2,Bucharest
2,Government
2,Guadeloupe
2,Switzerland
6,Beer
6,Blues
6,Bookkeeping
6,Brazil
6,Burgundy
6,Category
6,Croatia
6,Cuba
6,Cuisines
6,Depression
6,Finland
6,Government
6,Guadeloupe
6,Gujarat
6,Mac OS
6,Monterrey
6,Pop Music
6,Qatar
6,Sardinia
6,Senegal
6,Tamaulipas
8,Cologne
8,Drama Films
8,Dublin
8,Finland
8,Florence
8,Greenland
8,Halifax
8,Houston
8,Kauai
8,Libraries
8,Maharashtra
8,Montenegro
8,Pattaya
8,Salads
8,Sapporo
8,Sardinia
8,Statistics
8,Stockholm
8,Sudan
8,Switzerland
8,Tennis
8,Tochigi
8,Virginia
12,Akita
12,Algeria
12,Apparel
12,Audi
12,Bahrain
12,Banking
12,BMX Bikes
12,Boating
12,Brandenburg
12,Brazil
12,Bucharest
12,Budapest
12,Cairns
12,Cartoons
12,Chile
12,China
12,Comics
12,Consulting
12,Contests
12,Copenhagen
12,Costumes
12,Daejeon
12,Denver
12,Edmonton
12,Family
12,Fast Food
12,Finland
12,Florence
12,Fonts
12,Food
12,France
12,Geology
12,Georgia
12,Ghana
12,Government
12,Guadeloupe
12,Guangdong
12,Guatemala
12,Gunma
12,Halifax
12,Handball
12,Hangzhou
12,History
12,Hummer
12,Ibaraki
12,Incheon
12,Indonesia
12,ISPs
12,Isuzu
12,Jaguar
12,Karnataka
12,Kauai
12,Kazakhstan
12,Kentucky
12,Kenya
12,Kobe
12,Libraries
12,Los Cabos
12,Magic
12,Malaysia
12,Maldives
12,Malta
12,Maps
12,Marketing
12,Marriage
12,Maserati
12,Michigan
12,Minnesota
12,Moldova
12,Molise
12,Nagasaki
12,Nice
12,Nissan
12,Oklahoma
12,Opera
12,Oregon
12,Orissa
12,Perth
12,Phoenix
12,Podcasting
12,Poland
12,Politics
12,Pork
12,Prague
12,Ranges
12,Rock Music
12,Sapporo
12,Sardinia
12,Skirts
12,Slovenia
12,Soundtracks
12,Statistics
12,Surgery
12,Suriname
12,Sweden
12,Switzerland
12,Sydney
12,Tablet PCs
12,Tallahassee
12,Tennis
12,Thriller
12,Tokushima
12,Toulouse
12,Toyama
12,Travel
12,Tunisia
12,TV Comedies
12,TV Dramas
12,Umbria
12,Utah
12,Warsaw
12,Web Series
12,Wildlife
12,Zambia
22,Akita
22,Apparel
22,Apple iOS
22,Audi
22,Auto Racing
22,Bahrain
22,Bakeries
22,Bali
22,Bangkok
22,Banking
22,Beijing
22,Bhutan
22,BMW
22,Brandenburg
22,Buick
22,California
22,Cantabria
22,China
22,Connecticut
22,Consulting
22,Contests
22,Copenhagen
22,Denver
22,Dishwashers
22,Dodge
22,Drama Films
22,Economics
22,Edmonton
22,Electricity
22,Finland
22,Food
22,Footwear
22,France
22,Fujian
22,Georgia
22,Germany
22,Guanajuato
22,Guatemala
22,Halifax
22,History
22,Horses
22,Houston
22,Hungary
22,Ibaraki
22,Indonesia
22,Islam
22,ISPs
22,Isuzu
22,Iwate
22,Jamaica
22,Kansas
22,Kauai
22,Kenya
22,Kuwait
22,Kyushu
22,Libraries
22,Lisbon
22,Maharashtra
22,Manila
22,Michigan
22,Montenegro
22,Monterrey
22,Montreal
22,Nagasaki
22,Naples
22,Navy
22,New Zealand
22,Oahu
22,Opera
22,Painting
22,Palermo
22,Paraguay
22,Party Games
22,Phoenix
22,Rings
22,Romance
22,Sapporo
22,Sardinia
22,Sheffield
22,Soft Drinks
22,Software
22,Solar Power
22,South Asia
22,Statistics
22,Switzerland
22,Symbian OS
22,Tamaulipas
22,Tamil Nadu
22,Team Sports
22,Tennis
22,Tokushima
22,Tokyo
22,Toulouse
22,Tulsa
22,Umbria
22,Utah
22,Valencia
22,Veneto
22,Veterans
22,Vienna
22,Warsaw
22,Zambia
22,Zhejiang
24,Algeria
24,Bali
24,Barcelona
24,BMW
24,Coffee
24,Consulting
24,Edmonton
24,Fujian
24,Houston
24,Ibaraki
24,Karnataka
24,Myanmar
24,Nagano
24,Nagasaki
24,Oregon
24,Politics
24,Sapporo
24,Soundtracks
24,Tennis
24,Umbria
24,Wildlife
24,Zimbabwe
26,Boating
26,Bucharest
26,Canada
26,Dodge
26,Florence
26,Greenland
26,Guadeloupe
26,Indonesia
26,Isuzu
26,Kanto
26,Kauai
26,Libraries
26,Magic
26,Marseille
26,Michigan
26,Opera
26,Perth
26,Peru
26,Sapporo
26,Suriname
26,Switzerland
26,Tennis
26,Tunisia
36,Boating
36,Bucharest
36,Croatia
36,Florence
36,Marriage
36,Michigan
36,Oklahoma
36,Rwanda
36,Suriname
36,Switzerland
36,TV Comedies
36,Windows OS
38,Auto Racing
38,Belize
38,Birds
38,Coffee
38,Consulting
38,Contests
38,Cuisines
38,Edmonton
38,Handball
38,Hangzhou
38,Hong Kong
38,Jamaica
38,Kuwait
38,Legal
38,Liverpool
38,Louisiana
38,Maps
38,New Mexico
38,Oregon
38,Orissa
38,Peugeot
38,Poetry
38,Politics
38,Pork
38,Quebec City
38,Soundtracks
38,Tennis
38,Theme Parks
38,Turkey
38,Umbria
38,West India
38,Wildlife
42,Boating
42,Brisbane
42,Guadeloupe
42,Ishikawa
42,Marriage
42,Michigan
44,Cairns
44,Maharashtra
44,Oklahoma
44,Sardinia
44,Soundtracks
44,Switzerland
44,Yorkshire
46,Aichi
46,Benelux
46,Cameras
46,Chile
46,Coffee
46,Cologne
46,Fukushima
46,Hesse
46,Hydropower
46,Juice
46,Kagoshima
46,North India
46,Offbeat
46,Oslo
46,San Diego
46,Tainan
46,Taiwan
46,Zhejiang
50,Bangkok
50,Consulting
50,Croatia
50,Fukuoka
50,Government
50,Hangzhou
50,Investing
50,Oregon
50,Politics
50,Romania
50,Sardinia
62,Blues
62,Coffee
62,Finland
62,Kauai
62,Libraries
64,Blues
64,Bolivia
64,Calgary
64,Car Audio
64,Colombia
64,Croatia
64,Cuisines
64,Golf
64,Guadeloupe
64,Guatemala
64,Gujarat
64,Hainan
64,Lithuania
64,Mac OS
64,Rotterdam
64,Veterans
64,Yorkshire
70,Algeria
70,Bangkok
70,Blues
70,Boating
70,Chicago
70,China
70,Croatia
70,Finland
70,Guadeloupe
70,Haiti
70,Kagoshima
70,Kauai
70,Libraries
70,Mac OS
70,Marriage
70,Maserati
70,Michigan
70,Monterrey
70,Netherlands
70,Oklahoma
70,Pork
70,Surgery
78,Algeria
78,Bulgaria
78,Depression
78,Education
78,Sumatra
78,Thuringia
92,Finland
94,Belize
94,Blues
94,Contests
94,France
94,Government
94,Kobe
94,Sardinia
94,Saxony
94,Suriname
94,Swimwear
94,Tennis
102,Derivatives
102,Education
102,Egypt
102,Guadeloupe
102,Islam
102,Isuzu
102,Mercury
102,Mexico
102,Monterrey
102,Mortgages
102,Mumbai
102,Watches
102,Weather
102,Weddings
104,Air Travel
104,Auctions
104,Crimea
104,Friendship
104,Gansu
104,Generators
104,Hedge Funds
104,Helsinki
104,Istanbul
104,Isuzu
104,Lorraine
104,Opera
104,Party Games
104,Pediatrics
104,Recife
104,Rome
104,Soccer
104,Solar Power
104,Tochigi
104,Yamanashi
110,Bangkok
110,Belize
110,Boating
110,Bucharest
110,Design
110,Dodge
110,Isuzu
110,Lorraine
110,Netherlands
110,Opera
110,Oregon
110,Paraguay
110,Sapporo
124,Belize
124,Blues
124,Boating
124,Florence
124,Guadeloupe
124,Indonesia
124,Ishikawa
124,Isuzu
124,Kauai
124,Lorraine
124,Michigan
124,Oklahoma
124,Opera
124,Oregon
124,Quebec City
124,Windows OS
134,Belize
134,Blues
134,Boating
134,Brisbane
134,Bucharest
134,Canada
134,Chicago
134,Coffee
134,Cologne
134,Depression
134,Dodge
134,Education
134,Finland
134,Frankfurt
134,Government
134,Guadeloupe
134,Haiti
134,Houston
134,Ishikawa
134,Isuzu
134,Jerusalem
134,Kagoshima
134,Lorraine
134,Marseille
134,Monterrey
134,Netherlands
134,Sardinia
134,Shopping
134,Tamaulipas
134,Tokyo
136,Agra
136,Allergies
136,Bangladesh
136,Boating
136,Bonds
136,Bookkeeping
136,Brisbane
136,Budapest
136,Canada
136,Car Audio
136,Dishwashers
136,Dodge
136,Edmonton
136,Greenland
136,Guanajuato
136,Jakarta
136,Kansas
136,Kauai
136,Kenya
136,Kumamoto
136,Libraries
136,Lithuania
136,Maldives
136,Marche
136,Michigan
136,Military
136,Mini
136,Monaco
136,Montana
136,Montenegro
136,Naples
136,Oregon
136,Perth
136,Peru
136,Phuket
136,Solar Power
136,Talk Radio
136,Tennis
136,Theme Parks
136,TV Comedies
136,Vienna
136,Windows OS
136,Yorkshire
140,Adelaide
140,Blues
140,BMX Bikes
140,Brisbane
140,Ethiopia
140,Finland
140,Ishikawa
140,Islam
140,Kagoshima
140,Louisville
140,Marketing
140,Paintball
140,Phoenix
140,Rome
140,Tallahassee
140,Vision Care
140,Zhejiang
144,Blues
144,Boating
144,Bucharest
144,Croatia
144,Cuisines
144,Dodge
144,Florence
144,Games
144,Georgia
144,Greenland
144,Guadeloupe
144,Guatemala
144,Gujarat
144,Indonesia
144,Kauai
144,Libraries
144,Lisbon
144,Magic
144,Marseille
144,Melbourne
144,Memphis
144,Naples
144,Netherlands
144,New Zealand
144,Pattaya
144,Personals
144,Real Estate
144,Rennes
144,Strasbourg
144,Switzerland
144,Tennis
144,Thuringia
144,Tunisia
144,Utah
144,Vienna
144,Windows OS
144,World News
150,Bangkok
150,Barcelona
150,Bodrum
150,Brittany
150,Bucharest
150,Contests
150,Copenhagen
150,Dodge
150,Duesseldorf
150,Edinburgh
150,Electricity
150,Fishing
150,Florence
150,Food
150,France
150,Friendship
150,Games
150,Geology
150,Georgia
150,Guangdong
150,Harare
150,Headphones
150,Health News
150,Hungary
150,Incheon
150,Indonesia
150,Iraq
150,Italy
150,Iwate
150,Kagoshima
150,Maps
150,Marriage
150,Martinique
150,Maserati
150,Mathematics
150,Mexico City
150,Michigan
150,Montreal
150,Morocco
150,Motorcycles
150,Movies
150,Nagano
150,Nagasaki
150,Netherlands
150,Oman
150,Opera
150,Orissa
150,Party Games
150,Pattaya
150,Peugeot
150,Podcasting
150,Pork
150,Prague
150,Real Estate
150,Rwanda
150,Sapporo
150,Saturn
150,Sculpture
150,Solar Power
150,Surfing
150,Surgery
150,Sydney
150,Team Sports
150,Tennis
150,Tocantins
150,TV Dramas
150,Uzbekistan
150,Windows OS
150,Yokohama
150,Zambia
162,Alaska
162,Algeria
162,Calabria
162,Dodge
162,Finland
162,Government
162,Guadeloupe
162,Gujarat
162,Houston
162,Jerusalem
162,Kagoshima
162,Lithuania
162,Lorraine
162,Macau
162,Maharashtra
162,Phoenix
162,Sardinia
162,Shopping
162,Taipei
162,Tokyo
162,Tunisia
162,Uzbekistan
162,Yorkshire
164,Alaska
164,Algeria
164,Beer
164,Belize
164,Blues
164,Boating
164,Bucharest
164,Burgundy
164,Cairns
164,Calabria
164,Canada
164,Card Games
164,Cebu
164,Chile
164,Coffee
164,Crafts
164,Croatia
164,Cuisines
164,Cyprus
164,Derivatives
164,Dodge
164,Dominica
164,East Timor
164,Easter
164,Edmonton
164,Education
164,Extremadura
164,Fitness
164,Frankfurt
164,Gambling
164,Georgia
164,Gold Coast
164,Golf
164,Greenland
164,Guadeloupe
164,Guatemala
164,Gujarat
164,Hainan
164,Haiti
164,Handball
164,Harare
164,Idaho
164,Indonesia
164,Ishikawa
164,Israel
164,Jamaica
164,Jams
164,Kagoshima
164,Kobe
164,Lisbon
164,Lithuania
164,Local News
164,Louisville
164,Mac OS
164,Montenegro
164,Monterrey
164,Naples
164,Netherlands
164,New Zealand
164,Nice
164,Okayama
164,Oregon
164,Peru
164,Plasma TVs
164,Porsche
164,Puerto Rico
164,Puppets
164,Rotterdam
164,Rwanda
164,Saxony
164,Scientology
164,Suriname
164,Suzuki
164,Syria
164,Tamaulipas
164,Televisions
164,Tokyo
164,Toyama
164,Travel
164,Tunisia
164,Vienna
164,West Bengal
164,Windows OS
164,Wrestling
164,Yokohama
174,Angola
174,Bucharest
174,Cairns
174,Calabria
174,Frankfurt
174,Glasgow
174,Government
174,Greece
174,Guadeloupe
174,Ishikawa
174,Isuzu
174,Lithuania
174,Lorraine
174,Macau
174,Plasma TVs
174,Rotterdam
174,Yorkshire
180,Beer
180,Bike Frames
180,Blues
180,Canada
180,Coffee
180,Croatia
180,Cuisines
180,Extremadura
180,Georgia
180,Greenland
180,Gujarat
180,Indiana
180,Indonesia
180,Lithuania
180,Mac OS
180,New Zealand
180,Qatar
180,Rennes
180,Rotterdam
180,Vienna
180,Windows OS
180,Yokohama
186,Alaska
186,Algeria
186,Armenia
186,Blues
186,Boating
186,Cairns
186,Coffee
186,Cologne
186,Croatia
186,Cuisines
186,Government
186,Guadeloupe
186,Hesse
186,Houston
186,Jerusalem
186,Kagoshima
186,Lorraine
186,Marseille
186,Monterrey
186,Netherlands
186,Oklahoma
186,Qatar
186,Sardinia
186,Shopping
186,Tamaulipas
186,Tokyo
186,Veterans
186,Vienna
186,Windows OS
186,World News
188,Auckland
188,Bangkok
188,Bangladesh
188,Beer
188,Blues
188,Boating
188,Brazil
188,Burgundy
188,Butchers
188,Canada
188,Chemistry
188,Clocks
188,Coffee
188,Croatia
188,Cuba
188,Cuisines
188,Denver
188,Easter
188,Electricity
188,Etiquette
188,Glasgow
188,Greenland
188,Guanajuato
188,Guizhou
188,Gujarat
188,Gymnastics
188,HDTVs
188,Horses
188,Humor
188,Hungary
188,Indonesia
188,Jakarta
188,Jamaica
188,Jams
188,Kansas
188,Kumamoto
188,Lithuania
188,Mexico City
188,Michigan
188,Military
188,Mini
188,Monaco
188,Montana
188,Montreal
188,Morocco
188,Naples
188,Niigata
188,Oceania
188,Ohio
188,Oklahoma
188,Oregon
188,Puglia
188,Qatar
188,Syria
188,Table Games
188,Talk Radio
188,Windows OS
188,Yemen
192,Air Travel
192,Armenia
192,Blues
192,Boating
192,Brisbane
192,Bucharest
192,Calabria
192,Comics
192,Dodge
192,Dominica
192,Greenland
192,Kauai
192,Kosovo
192,Krakow
192,Lagos
192,Lahore
192,Libraries
192,Lithuania
192,Local News
192,Mac OS
192,Maldives
192,Melbourne
192,Michigan
192,Mini
192,Oklahoma
192,Sergipe
192,Table Games
192,Thuringia
192,TV Comedies
192,Xinjiang
194,Anatomy
194,Armenia
194,Bangkok
194,Blues
194,Boating
194,Bridal Wear
194,Brisbane
194,Canada
194,Car Audio
194,Chiapas
194,Coffee
194,Crafts
194,Cricket
194,Croatia
194,Dodge
194,Edmonton
194,Finland
194,Frankfurt
194,Greenland
194,Guadeloupe
194,Haiti
194,Ishikawa
194,Israel
194,Isuzu
194,Kagoshima
194,Lahore
194,Lithuania
194,Lorraine
194,Macau
194,Marseille
194,Michigan
194,Monterrey
194,Oregon
194,Radio
194,Real Estate
194,Rotterdam
194,San Antonio
194,Tunisia
194,Weather
196,Alaska
196,Algeria
196,Argentina
196,Austria
196,Auto Racing
196,Bali
196,Bangkok
196,Bangladesh
196,Banking
196,Bavaria
196,Belize
196,Binoculars
196,Blues
196,Boating
196,Bookkeeping
196,Brazil
196,Bridal Wear
196,Bucharest
196,Bulgaria
196,Cadillac
196,Cairns
196,Cameras
196,Canada
196,Cebu
196,Child Care
196,Coffee
196,Cologne
196,Croatia
196,Cuba
196,Cuisines
196,Denmark
196,Denver
196,Derivatives
196,Dodge
196,Etiquette
196,Family
196,Fan Fiction
196,Finland
196,Fitness
196,Florence
196,France
196,Fukuoka
196,Galicia
196,Geology
196,Georgia
196,Ghana
196,Golf
196,Government
196,Greenland
196,Guadalajara
196,Guadeloupe
196,Guanajuato
196,Guangzhou
196,Guatemala
196,Guerrero
196,Gujarat
196,Hainan
196,Hair Loss
196,Haiti
196,Hamburg
196,Handball
196,Hangzhou
196,Hesse
196,Home Office
196,Houston
196,Incheon
196,Indonesia
196,Insurance
196,Iran
196,Ishikawa
196,Isuzu
196,Jaguar
196,Jalisco
196,Jams
196,Jerusalem
196,Juice
196,Kagoshima
196,Kauai
196,Kazakhstan
196,Kentucky
196,Kyushu
196,Libraries
196,Lisbon
196,Lithuania
196,Lorraine
196,Mac OS
196,Macau
196,Manchester
196,Marketing
196,Marseille
196,Maryland
196,Maserati
196,Michigan
196,Montenegro
196,Monterrey
196,Netherlands
196,New Zealand
196,North India
196,Nursing
196,Oklahoma
196,Opera
196,Oregon
196,Orissa
196,Packaging
196,Parenting
196,Peru
196,Peugeot
196,Providence
196,Puglia
196,Qatar
196,Rajasthan
196,Ranges
196,Real Estate
196,Rennes
196,Saint Lucia
196,Sapporo
196,Sardinia
196,Sculpture
196,Sheffield
196,Statistics
196,Sumatra
196,Surgery
196,Suriname
196,Sweden
196,Switzerland
196,Tainan
196,Tallahassee
196,Tennis
196,Theme Parks
196,Tile Games
196,Tokyo
196,Tunisia
196,Uzbekistan
196,Veterans
196,Warsaw
196,Weather
196,Web Series
196,Weddings
196,Windows OS
196,World Music
196,World News
196,Wuhan
196,Yokohama
196,Zhejiang
198,Blues
200,Blues
200,Finland
200,Kauai
200,Mac OS
200,Michigan
206,Blues
206,Boating
206,Bucharest
206,Butchers
206,Cartoons
206,Croatia
206,Dodge
206,Edmonton
206,Gambling
206,Guadeloupe
206,Gujarat
206,Ishikawa
206,Jamaica
206,Lorraine
206,Maldives
206,Netherlands
206,Ohio
206,Peru
206,Phoenix
206,Televisions
206,Umbria
206,Weather
220,Algeria
220,Bangkok
220,Blues
220,Coffee
220,Finland
220,Glasgow
220,Greenland
220,Guadeloupe
220,Kagoshima
220,Land Rover
220,Michigan
220,Netherlands
220,Oregon
220,Oslo
220,Rotterdam
220,Sapporo
220,Sardinia
220,Statistics
220,Syria
220,Tunisia
220,Yorkshire
242,Blues
242,Croatia
242,Land Rover
242,Michigan
258,Air Travel
258,Armenia
258,BMX Bikes
258,Brisbane
258,Calabria
258,Crete
258,Finland
258,Germany
258,Guadeloupe
258,Libraries
258,Local News
258,Lorraine
258,Madagascar
258,Michigan
258,Oklahoma
258,Opera
258,Perth
258,Phoenix
258,Phuket
258,San Antonio
264,Guatemala
266,Agritourism
266,Aichi
266,Akita
266,Bahrain
266,Bali
266,Bangkok
266,Bangladesh
266,Beer
266,Blenders
266,Blues
266,Bolivia
266,Bonds
266,Brazil
266,Bremen
266,Bridal Wear
266,Bucharest
266,Burgers
266,Cairo
266,Calabria
266,California
266,Chihuahua
266,Chile
266,Costa Rica
266,Croatia
266,Cuisines
266,Dodge
266,Easter
266,Edinburgh
266,Edmonton
266,Ford
266,Gangwon
266,Guadeloupe
266,Gujarat
266,Harare
266,Hong Kong
266,Horses
266,Jakarta
266,Jamaica
266,Jazz
266,Kagoshima
266,Kumamoto
266,Lithuania
266,Maryland
266,Michigan
266,Military
266,Mini
266,Montana
266,Naples
266,News
266,Nice
266,Niger
266,Nigeria
266,Oceania
266,Oklahoma
266,Oregon
266,Perth
266,Peru
266,Phuket
266,Puglia
266,Qatar
266,Rennes
266,Sales
266,San Antonio
266,Sergipe
266,Shimane
266,Televisions
266,Toyota
266,Travel
266,Tunisia
266,Turkey
266,Umbria
266,USA
266,Veneto
266,Windows OS
266,World News
270,Bakeries
270,Blues
270,BMW
270,BMX Bikes
270,Boating
270,Finland
270,Greenland
270,Guadeloupe
270,Ishikawa
270,Lithuania
270,Oregon
270,Tokyo
278,Agra
278,Anatomy
278,Bangkok
278,Bangladesh
278,Beer
278,Blues
278,Brisbane
278,Card Games
278,Crete
278,Croatia
278,Cuisines
278,Edmonton
278,Extremadura
278,Friendship
278,Games
278,Golf
278,Guadeloupe
278,Guatemala
278,Incheon
278,Indonesia
278,Ishikawa
278,Jalisco
278,Jamaica
278,Kazakhstan
278,Kuwait
278,Latvia
278,Libraries
278,Lille
278,Lisbon
278,Lithuania
278,Louisville
278,Magic
278,Netherlands
278,New Zealand
278,Nigeria
278,Pattaya
278,Peru
278,Pop Music
278,Qatar
278,Rajasthan
278,Sheffield
278,Solar Power
278,Spain
278,Surfing
278,Table Games
278,Tokyo
278,Toys
278,Veterans
278,Vienna
278,Xinjiang
278,Yokohama
278,Zambia
280,Bangkok
280,Boating
280,Chicago
280,Coffee
280,Croatia
280,Dodge
280,Government
280,Greenland
280,Guadeloupe
280,Indonesia
280,Kagoshima
280,Kauai
280,Lithuania
280,Lorraine
280,Michigan
280,Monterrey
280,Oregon
280,Sardinia
280,Tennis
280,Windows OS
288,Blues
288,Boating
288,Croatia
288,Cuisines
288,Greenland
288,Guadeloupe
288,Marseille
288,Tunisia
308,Blues
308,Canada
308,Car Audio
308,Cricket
308,Croatia
308,Education
308,Egypt
308,Frankfurt
308,Guadeloupe
308,Israel
308,Mac OS
308,Puppets
308,Rotterdam
308,Royalty
308,Yorkshire
332,Blues
332,Bucharest
332,Coffee
332,Extremadura
332,Guadeloupe
332,Jaipur
332,Kagoshima
332,Magic
332,Oklahoma
332,Windows OS
334,Barcelona
334,Brittany
334,Florence
334,Houston
334,Marriage
334,Michigan
334,Oklahoma
334,Oregon
334,Painting
334,Sardinia
334,Statistics
334,Tennis
338,Boating
338,Bucharest
338,Contests
338,Isuzu
338,Netherlands
338,Sapporo
338,Switzerland
338,Tennis
370,Drama Films
370,East India
370,Ecotourism
370,Israel
370,Macau
370,Oahu
370,Oaxaca
370,Quito
370,Radio
370,Rotterdam
370,Royalty
370,Sardinia
370,Saxony
370,Symbian OS
370,Toyama
370,Uzbekistan
370,Veracruz
370,Vision Care
372,Banking
372,BMX Bikes
372,China
372,Copenhagen
372,Finland
372,Funds
372,Gambling
372,Guadeloupe
372,Haiti
372,Horses
372,Legal
372,Lorraine
372,Madagascar
372,Mattresses
372,Opera
372,Orissa
372,Phoenix
372,Phuket
372,Prague
372,Sapporo
372,Sardinia
372,Shopping
372,Statistics
372,Tajikistan
372,Talk Radio
372,Tennis
372,Toulouse
372,Toyama
372,Zhejiang
382,Allergies
382,Belize
382,Boating
382,Bucharest
382,Florence
382,Home Office
382,Kauai
382,Kenya
382,Libraries
382,Maldives
382,Montenegro
382,Netherlands
382,Sapporo
382,Suriname
382,Tennis
394,Algeria
394,Blues
394,Boating
394,Cairns
394,Coffee
394,Government
394,Indonesia
394,Israel
394,Kazakhstan
394,Libraries
394,Lithuania
394,Macau
394,Marriage
394,Marseille
394,Michigan
394,Monterrey
394,Oklahoma
394,Paraguay
394,Rotterdam
394,Statistics
394,Surgery
394,Tokyo
394,Windows OS
394,Yokohama
412,Blues
412,Car Audio
412,Croatia
412,Kauai
412,Lithuania
412,Oklahoma
412,Rotterdam
414,Blues
414,Bookkeeping
422,Bangkok
422,Cairns
422,Calabria
422,Croatia
422,Cuisines
422,Denver
422,Guadeloupe
422,Marriage
422,Michigan
422,Military
422,Nursing
422,Oklahoma
422,Oregon
422,Oslo
422,Phuket
422,Qatar
422,Shopping
422,Vienna
428,Algeria
428,Blues
428,Boating
428,Card Games
428,Cebu
428,Dodge
428,Finland
428,Government
428,Guadeloupe
428,Guanajuato
428,Hesse
428,Houston
428,Jerusalem
428,Kansas
428,Kauai
428,Lorraine
428,Macau
428,Marche
428,Marseille
428,Monaco
428,Monterrey
428,Oklahoma
428,Peru
428,Sardinia
428,Suriname
428,Tokyo
430,Cairns
430,Card Games
430,Guadeloupe
430,Indonesia
430,Land Rover
430,Marriage
430,Michigan
430,Obesity
430,Oceania
430,Oklahoma
430,Slovakia
430,Tucson
430,World News
442,Boating
442,Cologne
442,Design
442,Dodge
442,Family Law
442,Guadeloupe
442,Houston
442,Jerusalem
442,Kagoshima
442,Lorraine
442,Monaco
442,Montreal
442,Pamukkale
442,Sardinia
442,Sheffield
442,Shopping
442,Swimming
442,Swimwear
442,Tile Games
442,Tokyo
470,Derivatives
470,Education
470,Egypt
470,Galicia
470,Lille
470,Monterrey
470,Pop Music
470,Sumatra
470,Taiwan
470,Tamaulipas
478,Bali
478,Budapest
478,Croatia
478,Cuisines
478,Derivatives
478,Electricity
478,Government
478,Guadeloupe
478,Ishikawa
478,Isuzu
478,Jaguar
478,Libraries
478,Magic
478,Maine
478,New Zealand
478,Obesity
478,Oklahoma
478,Qatar
478,Taipei
478,Utah
500,Blues
500,Crafts
500,Cuisines
500,Greenland
500,Guadeloupe
500,Kumamoto
500,Lithuania
500,Lorraine
500,Phoenix
500,Sardinia
500,Tunisia
500,Yorkshire
510,Finland
510,Glasgow
510,Government
510,Ireland
510,Land Rover
510,Monterrey
510,Sardinia
510,Stockholm
510,Symbian OS
510,Yorkshire
516,Algeria
516,Boating
516,Bucharest
516,Coffee
516,Guadeloupe
516,Ishikawa
516,Kauai
516,Libraries
516,Lille
516,Magic
516,Marseille
516,Oklahoma
516,Pop Music
516,Suriname
516,Tablet PCs
516,Tokyo
522,Algeria
522,Blues
522,Boating
522,Finland
522,Florence
522,Guangdong
522,Guatemala
522,Kauai
522,Libraries
522,Oklahoma
522,Phoenix
522,Poland
522,Puglia
522,Sardinia
522,Sculpture
522,Sudan
522,Switzerland
528,Algeria
528,Apparel
528,Barcelona
528,Bars
528,Beef
528,Beer
528,Blues
528,Cadillac
528,Chihuahua
528,Coffee
528,Consulting
528,Croatia
528,Fishing
528,France
528,Fujian
528,Government
528,Greenland
528,Headwear
528,Health
528,Iran
528,Kauai
528,Lisbon
528,Mac OS
528,Marines
528,North India
528,Oregon
528,Orissa
528,Politics
528,Prague
528,Rotterdam
528,Sapporo
528,Sardinia
528,South Asia
528,Statistics
528,Suriname
528,Tamil Nadu
528,Tochigi
528,Tunisia
528,Utah
528,Yorkshire
546,Algeria
546,Auckland
546,Auctions
546,Blues
546,Chicago
546,Family
546,Fukui
546,Galicia
546,Gifts
546,Guadeloupe
546,Headwear
546,Houston
546,Humor
546,Hungary
546,Ishikawa
546,Isuzu
546,Kauai
546,Lagos
546,Lorraine
546,Manchester
546,Marche
546,Montreal
546,Netherlands
546,Opera
546,Perth
546,Phoenix
546,Puppets
546,Sapporo
546,Sardinia
546,Suriname
546,Swimming
546,Theme Parks
546,Trucks
546,Weather
546,Wyoming
546,Yamanashi
560,Auctions
560,Bakeries
560,Blues
560,BMX Bikes
560,Boating
560,Bolivia
560,Cairns
560,Car Audio
560,Chemistry
560,Chiba
560,Chicago
560,Crafts
560,Crete
560,Cricket
560,Denver
560,East India
560,Ecotourism
560,Etiquette
560,Family
560,Finland
560,Forestry
560,Frankfurt
560,Fukuoka
560,Glasgow
560,Government
560,Guadeloupe
560,Hockey
560,Indonesia
560,Investing
560,Ireland
560,Ishikawa
560,Israel
560,Isuzu
560,Kagoshima
560,Laos
560,Lithuania
560,Local News
560,Lorraine
560,Macau
560,Marriage
560,Marseille
560,Monterrey
560,Morocco
560,Netherlands
560,New Zealand
560,Niigata
560,Oaxaca
560,Oregon
560,Paraguay
560,Phoenix
560,Puppets
560,Radio
560,Ranges
560,Rome
560,Rotterdam
560,Royalty
560,Sardinia
560,Shenzhen
560,Shopping
560,Sudan
560,Taiwan
560,Tamaulipas
560,Uzbekistan
560,Veracruz
560,Wakayama
560,Windows OS
560,Wine
560,Wroclaw
560,Wuhan
560,Wyoming
560,Yokohama
560,Yorkshire
572,Government
572,Guadeloupe
572,Indonesia
578,Derivatives
578,Finland
578,Guatemala
578,Indonesia
578,Ishikawa
578,Kauai
578,Libraries
578,Michigan
578,Oklahoma
578,Pamukkale
578,Tokyo
578,Veterans
578,Weddings
580,Algeria
580,Blues
580,Coffee
580,Finland
580,Government
580,Guadeloupe
580,Houston
580,Kauai
580,Michigan
580,Oklahoma
580,Sardinia
594,Adana
594,Astronomy
594,BMW
594,California
594,Dishwashers
594,Florence
594,Games
594,Gansu
594,Liguria
594,Opera
594,Paris
594,Party Games
594,Pediatrics
594,Queensland
594,Rings
594,Solar Power
